variant_id,subject_id,answer_key
1091,1,DBACCCAABAACBBDDCDDBACBAAAAAAB
1092,1,ABBDCADACCCDCCBBDCACDDDCABCDCA
1093,2,CDACAADCAADCCCDCDCBDDDABCACCBA
1094,2,DCADBBCCDABDCABBCAADDBACDBAACD
1095,2,DDBDACDADBDBCADBCDADBDCBDBCDBB
1096,2,DDBCABDCCBBCDBCBDDABBBBCBACDCB
1097,2,DBABADABACBDBBCBCCCCADDAAAABBA
1098,3,ADBACDCCBCADABBABBABCCBDDDBCDA
1099,4,DBCCDADCCDADDBBBBCCADAACCBAACB
1100,5,CBCCCCCBBCACBADCADCBCCAABADCCA
1101,6,BADBADDAAACCCDDDADDAABDACDBCBA
1102,8,CBBBCDDBDBDCADDBABBBCBACCAACDA
1103,9,BABCBAAACACDCACDAAACDDDACBBBCA
1104,3,CABADCDDBDADADBBBABDDCCBDCDBDC
1105,4,CCAABDACDACBAACCCBBABDDBBDBBCA
1106,5,CBCADCDABDCDABDCABBCCBDBABACAD
1107,6,CABACBBBABDADDADABCDBDAABDBBAC
1108,8,BBBADCCDBDBDDBBABAAABCBCCACDAA
1109,9,DBDCBDDBABACBADAABAADABDBDDDCD
1110,1,CCBBDCABAABDCACCBDAABCCCABCDDB
1111,3,BDABBBCACBBBBDBCDDBAAADCDADABA
1112,4,ABDABBCADDABACAADCDABACCACCCAC
1113,5,CDBACABCBADACAABCCDDCCDAADDDBA
1114,6,BADBACDCAABCDDAABAACDABABDBCCC
1115,8,BBACADBCCACCBDCAAACDDDADACABCA
1116,9,DCABCDBDACDBACBADBBBCADDABADAC
1117,1,DABCCBCADDADCBADDCCABBABACAABD
1118,3,BCCDDABDABBAABDBCCABBBAACCDABD
1119,4,BBADCACBACBAABDBCADABADCCDACCC
1120,5,CBCCCCCBBCACBADCADCBCCAABADCCA
1121,6,CACBDCDBAADBDBCACDCACDDAAACBCA
1122,8,BBAADCCCDCDDBCDCDDDACADDAADBCA
1123,9,BDADCDCBABCBAABCCCADCBABCBDBBC
1124,1,ABADCAABCAADBBCDDDDCCDDABCDAAD
1125,3,BCCDDABDABBAABDBCCABBBAACCDABD
1126,4,BDABCCCBCBDBDBBDAABCCCBABBBBDD
1127,5,CCBADADBCDACBACDBCADBACBDACBDA
1128,6,ADBBDDBABBBBABCCBABBAABADABDDC
1129,8,ABABDCCABCCBDDABCACBBBACBCACDD
1130,9,BAAACCCABAABBBBBABDABBABDCACDC
1131,10,BBCCDADBBADCAAAAAACBCDAACBCCDA
1132,11,BCDBCBBCDBCADABDDBDBDACADBBBAD
1133,12,DBDBDBCBCDBDBCACDABCABDADCABAA
1134,13,BDBCACCCBCABBCCBBCCBCBCABDCAAD
1135,14,DADBDADBDABDDBDCDDDBAACADABCDA
1136,15,BCAACCBBCADDDCCCDBADCBCDBAACDA
1137,16,CADACDACCAADCDBACCADDDBCCAABDA
1138,17,BABCBAAACACDCACDAAACDDDACBBBCA
1139,18,DBBACCBCDDAACCCCDCBBCCCBACBDCC
